TransactionID,Date,CustomerID,Product,Amount,Quantity,PaymentMethod,StoreLocation
1001,2025-08-05,129,Laptop,221,1,PayPal,Chicago
1002,2024-04-01,126,Mouse,242,4,Bank Transfer,Los Angeles
1003,2024-09-21,130,Charger,1093,3,Cash,New York
1004,2026-06-13,127,Tablet,205,4,Cash,Chicago
1005,2024-08-07,129,Headphones,986,4,Cash,Los Angeles
1006,2026-06-20,132,Tablet,527,4,Bank Transfer,San Francisco
1007,2026-07-13,125,Tablet,1428,4,Cash,San Francisco
1008,2025-03-17,129,Tablet,1995,2,Credit Card,Chicago
1009,2025-02-04,130,Charger,416,3,PayPal,San Francisco
1010,2025-02-03,127,Tablet,734,2,Bank Transfer,New York
1011,2025-12-27,126,Monitor,108,3,Cash,Los Angeles
1012,2026-09-17,130,Charger,873,1,Credit Card,New York
1013,2026-06-17,130,Monitor,1196,4,PayPal,New York
1014,2026-02-27,125,Charger,1482,2,PayPal,San Francisco
1015,2025-07-29,128,Mouse,322,3,Bank Transfer,New York
1016,2026-05-07,127,Phone,1539,1,Bank Transfer,San Francisco
1017,2026-03-14,124,Laptop,652,1,Bank Transfer,Los Angeles
1018,2025-05-04,130,Tablet,1493,4,Credit Card,Los Angeles
1019,2025-04-29,128,Mouse,815,3,Credit Card,New York
1020,2026-01-26,124,Phone,1387,2,Bank Transfer,Chicago
1021,2025-04-14,127,Laptop,1963,4,Cash,San Francisco
1022,2025-07-27,123,Keyboard,1813,2,PayPal,San Francisco
1023,2026-07-26,132,Headphones,1983,1,PayPal,New York
1024,2026-04-23,128,Monitor,1441,2,Credit Card,San Francisco
1025,2025-11-12,131,Keyboard,1207,2,PayPal,San Francisco
1026,2025-03-20,123,Charger,1441,4,Cash,Chicago
1027,2024-09-25,132,Laptop,210,2,PayPal,Chicago
1028,2024-09-23,125,Keyboard,350,4,Credit Card,New York
1029,2024-02-23,129,Headphones,482,1,Credit Card,Chicago
1030,2025-06-11,126,Mouse,106,4,Cash,New York
1031,2025-06-03,131,Laptop,558,4,Cash,Los Angeles
1032,2025-09-07,125,Keyboard,1207,3,PayPal,New York
1033,2024-02-28,127,Monitor,307,2,PayPal,Los Angeles
1034,2026-04-04,125,Monitor,999,1,Credit Card,New York
1035,2024-02-09,129,Phone,1513,4,Cash,San Francisco
1036,2024-08-24,127,Keyboard,1437,1,Cash,Chicago
1037,2026-08-12,131,Tablet,121,3,Cash,Los Angeles
1038,2025-01-20,129,Keyboard,509,2,PayPal,New York
1039,2025-08-28,124,Mouse,994,4,Cash,Chicago
1040,2026-01-03,126,Laptop,614,2,Credit Card,New York
1041,2025-12-16,131,Laptop,1250,3,Credit Card,Chicago
1042,2025-10-11,124,Mouse,908,3,PayPal,Chicago
1043,2024-10-26,132,Keyboard,1823,1,Bank Transfer,New York
1044,2025-01-29,131,Mouse,973,4,PayPal,Los Angeles
1045,2024-07-25,132,Headphones,113,1,Bank Transfer,Los Angeles
1046,2024-12-01,127,Charger,1070,3,Cash,San Francisco
1047,2025-08-15,124,Mouse,1077,2,PayPal,Chicago
1048,2025-12-30,126,Monitor,1113,1,Credit Card,San Francisco
1049,2025-05-28,129,Mouse,1135,1,Cash,San Francisco
1050,2024-06-26,130,Laptop,186,2,Credit Card,New York
1051,2025-01-30,125,Monitor,1647,1,Cash,New York
1052,2025-01-05,123,Laptop,1008,2,PayPal,New York
1053,2026-05-07,126,Phone,1660,4,Bank Transfer,Chicago
1054,2026-03-01,124,Tablet,1424,2,Cash,New York
1055,2025-10-19,130,Laptop,1366,4,Bank Transfer,New York
1056,2024-11-13,126,Monitor,221,2,Cash,Chicago
1057,2026-01-05,124,Phone,1270,3,Credit Card,Chicago
1058,2025-01-03,128,Laptop,1690,3,Credit Card,Los Angeles
1059,2025-01-18,128,Headphones,849,4,Cash,New York
1060,2024-03-02,132,Mouse,1479,4,Bank Transfer,New York
1061,2026-03-16,126,Tablet,784,3,PayPal,New York
1062,2025-05-19,128,Laptop,1856,4,PayPal,Los Angeles
1063,2024-08-26,124,Phone,1754,2,Credit Card,New York
1064,2024-07-13,132,Headphones,408,2,PayPal,Los Angeles
1065,2025-11-08,124,Keyboard,794,3,Credit Card,San Francisco
1066,2026-08-20,132,Phone,387,1,PayPal,Los Angeles
1067,2024-08-09,126,Mouse,406,2,Cash,San Francisco
1068,2024-03-01,130,Phone,1935,4,Credit Card,New York
1069,2024-05-08,129,Headphones,1717,1,Credit Card,San Francisco
1070,2026-09-16,131,Phone,1013,1,Cash,Los Angeles
1071,2025-11-15,130,Headphones,1846,2,Credit Card,Chicago
1072,2026-09-18,127,Laptop,761,2,PayPal,San Francisco
1073,2024-06-04,124,Charger,648,1,PayPal,San Francisco
1074,2026-07-05,127,Headphones,1475,1,Credit Card,New York
1075,2025-01-12,130,Headphones,411,3,PayPal,Los Angeles
1076,2025-09-13,132,Tablet,972,4,Bank Transfer,San Francisco
1077,2026-02-19,131,Headphones,1182,3,Credit Card,San Francisco
1078,2026-07-11,131,Headphones,1766,2,Cash,San Francisco
1079,2026-05-17,123,Keyboard,1023,3,Bank Transfer,San Francisco
1080,2026-06-21,131,Charger,1837,3,Credit Card,Chicago
1081,2026-02-28,129,Laptop,854,3,Cash,Los Angeles
1082,2025-08-08,131,Mouse,134,3,PayPal,New York
1083,2026-09-25,130,Tablet,544,4,Cash,New York
1084,2025-03-12,123,Keyboard,192,4,Bank Transfer,Chicago
1085,2026-09-01,130,Monitor,1330,1,PayPal,Los Angeles
1086,2024-07-25,130,Charger,452,2,Credit Card,San Francisco
1087,2025-01-22,125,Laptop,1002,3,PayPal,Chicago
1088,2025-04-24,123,Laptop,1455,1,Credit Card,Los Angeles
1089,2026-03-01,130,Monitor,1940,1,Credit Card,San Francisco
1090,2026-06-05,125,Mouse,961,1,Cash,Chicago
1091,2026-04-17,125,Headphones,1848,4,Cash,Los Angeles
1092,2026-09-10,123,Keyboard,258,3,Cash,New York
1093,2024-12-05,127,Phone,1056,3,Bank Transfer,New York
1094,2026-05-18,132,Tablet,123,2,Bank Transfer,Los Angeles
1095,2024-12-05,129,Phone,503,3,Cash,New York
1096,2024-07-22,132,Monitor,904,3,Bank Transfer,Los Angeles
1097,2024-06-09,131,Laptop,615,1,PayPal,San Francisco
1098,2025-06-23,129,Mouse,831,2,PayPal,Los Angeles
1099,2025-01-26,131,Laptop,1487,3,Bank Transfer,San Francisco
1100,2026-02-07,130,Tablet,1505,4,Bank Transfer,Chicago
1101,2025-11-07,124,Laptop,631,3,PayPal,Los Angeles
1102,2025-07-28,123,Laptop,1055,1,Credit Card,Chicago
1103,2025-06-17,129,Tablet,251,4,PayPal,New York
1104,2024-03-10,129,Keyboard,1685,1,PayPal,San Francisco
1105,2026-06-11,130,Keyboard,1812,3,Bank Transfer,Los Angeles
1106,2025-02-08,127,Tablet,1046,4,PayPal,Chicago
1107,2025-08-30,125,Mouse,707,2,Bank Transfer,San Francisco
1108,2025-11-05,130,Monitor,1740,2,Bank Transfer,San Francisco
1109,2025-08-13,128,Charger,519,4,Cash,New York
1110,2025-05-31,125,Laptop,1373,4,PayPal,New York
1111,2026-04-07,123,Mouse,1240,1,Credit Card,San Francisco
1112,2024-04-29,125,Laptop,965,4,Cash,San Francisco
1113,2026-03-24,127,Charger,1635,1,Bank Transfer,Los Angeles
1114,2025-11-20,125,Monitor,1863,3,Bank Transfer,San Francisco
1115,2025-11-18,123,Keyboard,677,1,Credit Card,Los Angeles
1116,2026-06-20,127,Mouse,434,4,Bank Transfer,San Francisco
1117,2024-08-04,132,Headphones,1541,4,PayPal,New York
1118,2024-02-25,129,Headphones,1031,3,Cash,Los Angeles
1119,2024-12-31,129,Charger,1897,4,Bank Transfer,Chicago
1120,2025-11-29,131,Headphones,394,4,Bank Transfer,New York
1121,2025-05-18,132,Keyboard,854,2,Credit Card,Los Angeles
1122,2026-01-13,132,Charger,1494,2,PayPal,Los Angeles
1123,2026-02-05,125,Keyboard,285,3,Bank Transfer,Chicago
1124,2026-07-13,129,Monitor,1369,1,Credit Card,Los Angeles
1125,2025-03-30,123,Laptop,736,2,Bank Transfer,San Francisco
1126,2024-04-13,126,Monitor,1391,1,Credit Card,Chicago
1127,2024-03-17,126,Monitor,1766,4,Credit Card,New York
1128,2024-08-17,127,Keyboard,1360,2,PayPal,New York
1129,2026-07-02,129,Charger,629,3,Bank Transfer,San Francisco
1130,2024-09-14,129,Charger,1675,3,PayPal,New York
1131,2024-09-20,126,Headphones,120,3,Credit Card,Los Angeles
1132,2024-11-26,129,Phone,1010,2,Cash,Los Angeles
1133,2026-09-19,125,Laptop,1860,1,Bank Transfer,San Francisco
1134,2024-06-30,128,Keyboard,966,4,Cash,New York
1135,2026-06-11,124,Headphones,893,1,Bank Transfer,New York
1136,2026-02-06,132,Mouse,1643,1,PayPal,San Francisco
1137,2025-07-03,131,Phone,199,4,PayPal,Chicago
1138,2025-11-18,127,Phone,851,4,PayPal,New York
1139,2024-01-27,128,Keyboard,577,2,PayPal,Chicago
1140,2024-10-02,126,Tablet,1722,2,PayPal,New York
1141,2025-10-13,132,Laptop,1421,2,Cash,New York
1142,2024-10-25,129,Phone,1039,2,PayPal,New York
1143,2026-08-14,131,Keyboard,625,2,Credit Card,New York
1144,2026-03-09,129,Keyboard,433,4,Credit Card,Los Angeles
1145,2024-03-31,123,Headphones,101,1,Cash,Chicago
1146,2025-04-24,123,Mouse,474,2,Bank Transfer,Chicago
1147,2025-07-26,131,Tablet,392,2,Credit Card,New York
1148,2025-04-02,131,Laptop,936,1,Bank Transfer,New York
1149,2025-03-26,126,Charger,1104,2,Cash,Chicago
1150,2024-12-30,131,Monitor,652,1,Bank Transfer,Los Angeles
1151,2026-05-08,125,Mouse,417,1,Bank Transfer,San Francisco
1152,2025-11-05,129,Mouse,1625,4,Bank Transfer,San Francisco
1153,2024-12-16,128,Headphones,1951,3,Bank Transfer,Chicago
1154,2025-10-16,130,Charger,480,4,Cash,New York
1155,2025-02-03,131,Phone,1746,3,Credit Card,New York
1156,2024-09-09,127,Phone,113,3,PayPal,Los Angeles
1157,2026-02-19,123,Headphones,603,3,Bank Transfer,San Francisco
1158,2026-05-30,125,Keyboard,330,2,Credit Card,Los Angeles
1159,2026-03-13,132,Phone,1207,4,Credit Card,San Francisco
1160,2025-04-03,130,Tablet,229,3,Cash,Chicago
1161,2025-11-29,128,Laptop,1866,1,Credit Card,San Francisco
1162,2026-07-05,130,Mouse,937,2,Cash,Los Angeles
1163,2025-05-13,131,Mouse,1268,4,Bank Transfer,Los Angeles
1164,2026-08-07,126,Tablet,990,3,Bank Transfer,Los Angeles
1165,2026-08-28,123,Charger,1980,1,PayPal,Chicago
1166,2026-07-14,123,Phone,127,4,PayPal,San Francisco
1167,2025-05-22,132,Mouse,165,4,PayPal,San Francisco
1168,2024-10-30,126,Monitor,1286,2,Credit Card,Los Angeles
1169,2025-05-15,129,Charger,1352,4,Bank Transfer,San Francisco
1170,2026-03-13,124,Laptop,360,2,Cash,New York
1171,2025-08-20,125,Laptop,1572,3,PayPal,New York
1172,2024-06-14,123,Mouse,1547,2,Cash,New York
1173,2025-02-18,127,Headphones,559,1,Cash,San Francisco
1174,2025-04-06,123,Charger,1799,2,PayPal,Chicago
1175,2026-07-08,130,Mouse,400,1,Bank Transfer,Chicago
1176,2024-04-23,123,Headphones,1018,2,PayPal,Chicago
1177,2025-03-08,123,Mouse,1426,4,Cash,Chicago
1178,2026-09-18,124,Monitor,386,3,PayPal,New York
1179,2024-12-21,124,Charger,1518,1,Cash,New York
1180,2026-07-16,128,Keyboard,1133,2,Cash,Los Angeles
1181,2025-11-25,129,Laptop,1830,2,PayPal,San Francisco
1182,2024-07-25,127,Mouse,729,2,Credit Card,San Francisco
1183,2026-02-06,123,Monitor,369,4,PayPal,Chicago
1184,2024-08-22,123,Headphones,691,4,Credit Card,New York
1185,2025-03-17,125,Headphones,1728,1,Cash,Chicago
1186,2024-12-20,124,Laptop,1901,1,Cash,Los Angeles
1187,2025-05-29,127,Tablet,943,4,Credit Card,San Francisco
1188,2024-07-26,132,Mouse,961,1,Cash,San Francisco
1189,2025-12-09,128,Charger,1484,3,Credit Card,Chicago
1190,2026-05-02,129,Phone,1380,3,Credit Card,Los Angeles
1191,2024-05-04,126,Headphones,232,4,Cash,San Francisco
1192,2024-05-17,129,Charger,1399,1,Bank Transfer,Los Angeles
1193,2024-12-04,130,Charger,1899,2,Credit Card,Los Angeles
1194,2025-06-20,123,Keyboard,1806,3,PayPal,Chicago
1195,2024-03-08,128,Charger,1071,4,PayPal,New York
1196,2025-07-26,130,Charger,612,1,Cash,Chicago
1197,2025-06-24,127,Keyboard,412,4,Bank Transfer,New York
1198,2025-01-17,126,Headphones,675,2,Cash,Los Angeles
1199,2024-01-19,124,Charger,985,3,Bank Transfer,New York
1200,2025-11-13,128,Tablet,1407,4,Credit Card,Los Angeles
1201,2025-03-25,128,Tablet,1244,4,Credit Card,San Francisco
1202,2024-03-14,123,Monitor,1230,4,Credit Card,San Francisco
1203,2025-07-26,131,Keyboard,786,2,Credit Card,San Francisco
1204,2026-07-27,128,Monitor,1327,4,PayPal,Chicago
1205,2025-10-26,125,Keyboard,264,2,PayPal,Chicago
1206,2024-10-02,126,Mouse,404,2,Cash,Los Angeles
1207,2024-02-17,126,Mouse,1620,2,Bank Transfer,San Francisco
1208,2024-07-29,125,Charger,1755,3,Credit Card,Chicago
1209,2026-05-04,132,Phone,1679,3,Credit Card,San Francisco
1210,2026-07-08,125,Mouse,1947,4,Bank Transfer,Chicago
1211,2025-10-12,125,Phone,255,4,Bank Transfer,New York
1212,2025-09-13,126,Mouse,1490,3,Cash,New York
1213,2026-09-20,129,Laptop,1842,1,Bank Transfer,San Francisco
1214,2025-11-25,126,Mouse,719,3,Credit Card,Los Angeles
1215,2025-06-23,131,Monitor,1374,2,Credit Card,Chicago
1216,2025-12-09,123,Headphones,1056,3,Credit Card,Chicago
1217,2024-07-09,130,Charger,433,2,Credit Card,New York
1218,2024-11-10,129,Monitor,1765,4,Credit Card,New York
1219,2026-06-19,124,Headphones,1068,1,Cash,Los Angeles
1220,2025-07-16,130,Tablet,610,4,Credit Card,Los Angeles
1221,2025-10-22,123,Monitor,1416,2,Cash,Los Angeles
1222,2026-02-18,131,Tablet,1143,2,Credit Card,San Francisco
1223,2025-07-15,131,Phone,381,2,PayPal,New York
1224,2026-06-18,124,Phone,896,1,PayPal,San Francisco
1225,2026-01-27,129,Laptop,1124,3,PayPal,New York
1226,2024-04-22,132,Mouse,218,4,PayPal,New York
1227,2024-06-18,125,Monitor,1158,4,Cash,Chicago
1228,2025-04-12,129,Tablet,297,3,Cash,New York
1229,2025-11-08,132,Headphones,584,4,Bank Transfer,New York
1230,2026-07-09,131,Phone,1880,1,Credit Card,San Francisco
1231,2024-01-14,126,Mouse,1182,4,PayPal,New York
1232,2025-12-15,123,Phone,936,2,Cash,San Francisco
1233,2024-10-14,124,Headphones,1284,3,Credit Card,Los Angeles
1234,2026-06-25,123,Mouse,1108,1,Credit Card,New York
1235,2024-07-07,127,Mouse,790,3,Cash,New York
1236,2026-07-02,127,Tablet,1329,1,PayPal,San Francisco
1237,2024-06-03,129,Tablet,1135,2,Bank Transfer,Los Angeles
1238,2025-07-20,131,Monitor,589,3,Credit Card,Chicago
1239,2025-11-24,131,Monitor,375,4,Bank Transfer,Los Angeles
1240,2025-12-22,125,Keyboard,792,1,PayPal,San Francisco
1241,2026-06-06,125,Charger,341,3,PayPal,Los Angeles
1242,2025-04-15,125,Keyboard,1339,4,Bank Transfer,San Francisco
1243,2024-03-15,126,Laptop,1374,3,PayPal,San Francisco
1244,2024-10-03,130,Phone,1934,3,Credit Card,Chicago
1245,2026-07-28,128,Monitor,225,3,Bank Transfer,New York
1246,2025-10-06,130,Tablet,316,1,PayPal,San Francisco
1247,2024-12-08,123,Headphones,1429,4,Bank Transfer,San Francisco
1248,2025-02-28,130,Tablet,1920,2,Credit Card,Chicago
1249,2025-07-24,126,Phone,1308,1,PayPal,San Francisco
1250,2025-05-25,123,Keyboard,1162,1,Credit Card,New York
1251,2026-05-06,130,Tablet,1346,1,PayPal,Chicago
1252,2024-06-30,126,Charger,1307,2,Cash,New York
1253,2025-04-02,128,Laptop,594,4,PayPal,New York
1254,2026-07-06,130,Phone,526,4,Bank Transfer,Chicago
1255,2026-04-30,126,Keyboard,1301,4,PayPal,San Francisco
1256,2026-04-12,125,Charger,1018,3,Credit Card,New York
1257,2024-03-04,131,Headphones,1551,3,Credit Card,New York
1258,2026-04-18,125,Keyboard,1417,3,PayPal,New York
1259,2024-09-16,131,Mouse,1975,2,Bank Transfer,New York
1260,2024-07-11,124,Charger,250,3,Cash,Chicago
1261,2025-10-16,124,Charger,483,2,Bank Transfer,Chicago
1262,2025-09-07,124,Laptop,1761,4,Cash,Los Angeles
1263,2026-08-29,128,Phone,1936,3,Credit Card,Los Angeles
1264,2025-02-09,125,Headphones,407,3,Bank Transfer,New York
1265,2025-12-26,131,Laptop,1459,1,Cash,San Francisco
1266,2026-01-23,126,Keyboard,845,2,PayPal,New York
1267,2026-07-31,123,Laptop,991,4,Credit Card,San Francisco
1268,2025-12-21,126,Charger,474,1,PayPal,New York
1269,2024-04-02,123,Phone,1131,1,Credit Card,Los Angeles
1270,2025-03-05,127,Monitor,1464,4,Bank Transfer,Los Angeles
1271,2025-10-15,126,Laptop,228,1,Bank Transfer,San Francisco
1272,2025-03-09,130,Mouse,1114,2,Credit Card,New York
1273,2025-02-07,130,Laptop,1899,2,Credit Card,San Francisco
1274,2025-03-09,129,Keyboard,768,3,Credit Card,Los Angeles
1275,2024-04-21,125,Keyboard,1475,1,Bank Transfer,New York
1276,2026-07-17,123,Headphones,1481,3,Cash,New York
1277,2025-01-09,123,Keyboard,616,1,PayPal,San Francisco
1278,2024-02-28,125,Tablet,1618,2,PayPal,Chicago
1279,2024-02-12,128,Phone,185,2,Bank Transfer,San Francisco
1280,2024-07-25,129,Phone,1298,2,PayPal,Los Angeles
1281,2026-02-18,128,Monitor,1925,1,Credit Card,Los Angeles
1282,2024-10-22,128,Monitor,1316,2,Cash,Los Angeles
1283,2024-04-27,128,Phone,410,1,PayPal,Los Angeles
1284,2025-06-15,125,Mouse,1242,3,Cash,Los Angeles
1285,2024-08-09,128,Monitor,1341,1,Credit Card,Chicago
1286,2024-06-14,130,Headphones,526,3,PayPal,New York
1287,2025-10-04,124,Keyboard,1537,1,Bank Transfer,San Francisco
1288,2024-06-04,127,Phone,213,3,Cash,San Francisco
1289,2024-07-02,123,Charger,1268,2,Credit Card,Los Angeles
1290,2024-03-30,123,Monitor,1661,3,Cash,San Francisco
1291,2024-04-03,127,Phone,1771,2,PayPal,Los Angeles
1292,2024-01-13,125,Tablet,402,2,PayPal,Chicago
1293,2026-08-30,126,Laptop,843,3,Bank Transfer,Chicago
1294,2026-04-13,125,Keyboard,687,1,Credit Card,New York
1295,2026-03-15,123,Phone,1086,1,Credit Card,Chicago
1296,2026-08-02,123,Laptop,1963,4,Bank Transfer,Chicago
1297,2026-01-11,127,Monitor,444,1,Bank Transfer,New York
1298,2026-04-13,128,Laptop,913,4,Credit Card,San Francisco
1299,2026-03-14,125,Keyboard,900,1,Cash,Los Angeles
1300,2025-03-13,131,Phone,1124,1,Cash,Los Angeles
1301,2025-06-21,127,Tablet,1270,2,Bank Transfer,San Francisco
1302,2025-08-09,130,Mouse,1410,4,Cash,New York
1303,2026-08-25,123,Monitor,1777,1,Credit Card,San Francisco
1304,2026-05-25,127,Phone,1176,4,PayPal,Chicago
1305,2026-07-24,125,Keyboard,1427,2,PayPal,New York
1306,2026-03-21,123,Monitor,1192,2,Cash,New York
1307,2024-05-29,126,Headphones,460,4,Bank Transfer,New York
1308,2025-10-21,127,Laptop,1725,2,Bank Transfer,Los Angeles
1309,2024-01-08,129,Mouse,1343,3,Bank Transfer,San Francisco
1310,2024-01-29,123,Keyboard,1109,3,Bank Transfer,New York
1311,2024-10-22,125,Headphones,803,2,Bank Transfer,New York
1312,2026-09-12,124,Charger,674,3,Cash,New York
1313,2026-07-14,131,Phone,1708,1,PayPal,San Francisco
1314,2025-12-21,132,Tablet,1284,4,PayPal,Los Angeles
1315,2025-10-01,128,Monitor,1804,1,Cash,Chicago
1316,2024-12-05,132,Laptop,1212,4,Bank Transfer,Los Angeles
1317,2025-09-19,125,Monitor,787,2,Cash,New York
1318,2025-03-14,130,Mouse,880,1,PayPal,Los Angeles
1319,2024-05-23,130,Phone,684,2,Credit Card,Los Angeles
1320,2026-07-30,124,Monitor,1880,2,Cash,Chicago
1321,2026-04-09,128,Laptop,688,4,Bank Transfer,San Francisco
1322,2026-01-16,129,Phone,1282,4,PayPal,San Francisco
1323,2025-06-02,124,Monitor,588,4,PayPal,Los Angeles
1324,2026-09-02,132,Tablet,1070,1,PayPal,Los Angeles
1325,2024-02-14,124,Keyboard,1447,3,PayPal,San Francisco
1326,2026-08-12,132,Phone,1733,4,Bank Transfer,San Francisco
1327,2024-08-26,123,Keyboard,1504,4,Credit Card,Chicago
1328,2026-08-09,130,Charger,1225,1,PayPal,New York
1329,2026-08-01,123,Phone,593,4,Cash,Los Angeles
1330,2024-06-03,131,Tablet,1767,1,Credit Card,San Francisco
1331,2024-06-29,128,Keyboard,1737,2,PayPal,Los Angeles
1332,2024-08-02,129,Headphones,118,4,Credit Card,Los Angeles
1333,2024-03-28,132,Laptop,1577,4,Cash,San Francisco
1334,2024-09-12,129,Headphones,1605,2,PayPal,Chicago
1335,2025-05-25,132,Monitor,1717,2,Cash,Los Angeles
1336,2024-03-13,125,Tablet,496,2,Bank Transfer,Chicago
1337,2026-07-19,124,Headphones,1100,4,PayPal,San Francisco
1338,2024-06-27,131,Phone,1402,3,PayPal,New York
1339,2024-07-30,130,Monitor,950,3,PayPal,New York
1340,2026-03-15,132,Monitor,1488,3,PayPal,Los Angeles
1341,2024-08-21,129,Headphones,1454,4,Bank Transfer,San Francisco
1342,2025-04-09,131,Charger,1764,2,PayPal,Chicago
1343,2026-01-20,126,Headphones,1467,4,Credit Card,Los Angeles
1344,2024-08-10,126,Charger,921,2,PayPal,San Francisco
1345,2025-09-22,123,Tablet,554,4,Bank Transfer,San Francisco
1346,2026-04-04,130,Laptop,1724,4,PayPal,Chicago
1347,2024-09-20,125,Headphones,824,2,Credit Card,Los Angeles
1348,2024-07-25,129,Mouse,1778,3,Bank Transfer,San Francisco
1349,2025-08-29,124,Charger,1188,2,Bank Transfer,San Francisco
1350,2026-06-03,124,Headphones,1199,1,Credit Card,San Francisco
1351,2026-01-03,129,Keyboard,810,1,Credit Card,Chicago
1352,2024-12-31,128,Phone,242,2,Credit Card,Los Angeles
1353,2024-10-02,125,Mouse,1016,4,Credit Card,Los Angeles
1354,2025-01-14,131,Mouse,927,1,Credit Card,Los Angeles
1355,2026-01-12,132,Charger,704,1,Bank Transfer,Los Angeles
1356,2024-11-04,128,Keyboard,1596,4,Bank Transfer,New York
1357,2025-09-22,132,Keyboard,1540,4,PayPal,New York
1358,2024-09-24,132,Monitor,404,3,PayPal,Los Angeles
1359,2026-08-02,128,Charger,835,4,Cash,Chicago
1360,2026-02-23,123,Laptop,1620,2,PayPal,New York
1361,2024-03-04,126,Phone,390,2,PayPal,San Francisco
1362,2026-03-20,132,Tablet,201,3,Credit Card,New York
1363,2024-12-15,128,Mouse,1390,1,Credit Card,San Francisco
1364,2026-07-13,128,Tablet,966,1,PayPal,Los Angeles
1365,2026-07-03,127,Headphones,1067,4,Cash,New York
1366,2025-05-08,123,Headphones,1745,2,Credit Card,Chicago
1367,2025-06-06,130,Tablet,1073,1,PayPal,New York
1368,2024-04-07,127,Headphones,941,3,PayPal,New York
1369,2026-08-03,127,Laptop,1061,3,Bank Transfer,New York
1370,2024-03-11,129,Keyboard,1041,2,Cash,Los Angeles
1371,2024-12-29,126,Headphones,1900,3,Bank Transfer,Chicago
1372,2025-07-23,128,Monitor,1126,3,Cash,New York
1373,2026-03-12,126,Headphones,184,2,Credit Card,Chicago
1374,2026-02-01,125,Phone,1917,4,Cash,Los Angeles
1375,2024-10-02,129,Laptop,427,4,PayPal,San Francisco
1376,2024-02-19,130,Phone,915,3,PayPal,New York
1377,2024-12-23,126,Phone,1573,4,Cash,Chicago
1378,2025-12-28,124,Monitor,553,4,Cash,Chicago
1379,2026-06-24,132,Laptop,728,3,Cash,Los Angeles
1380,2026-07-16,125,Laptop,1344,4,Bank Transfer,New York
1381,2025-07-17,123,Charger,1277,3,Cash,San Francisco
1382,2026-02-21,130,Laptop,764,1,Credit Card,Chicago
1383,2025-04-29,125,Laptop,111,2,Bank Transfer,New York
1384,2024-03-24,132,Laptop,1256,2,Bank Transfer,San Francisco
1385,2026-06-17,129,Monitor,403,4,Cash,Chicago
1386,2026-03-15,132,Headphones,1416,4,Credit Card,Chicago
1387,2025-09-29,127,Charger,1074,4,Bank Transfer,San Francisco
1388,2026-03-18,132,Phone,1423,2,PayPal,San Francisco
1389,2025-08-06,127,Laptop,1863,1,Bank Transfer,Los Angeles
1390,2024-10-22,129,Mouse,882,1,Cash,New York
1391,2024-08-23,131,Headphones,142,2,Credit Card,New York
1392,2024-02-25,127,Headphones,1043,1,Cash,Los Angeles
1393,2026-07-07,123,Phone,442,2,PayPal,Chicago
1394,2024-12-25,132,Monitor,1449,1,PayPal,San Francisco
1395,2026-06-25,132,Tablet,1937,3,PayPal,San Francisco
1396,2024-04-19,123,Tablet,597,3,Cash,San Francisco
1397,2024-07-10,124,Headphones,463,2,Bank Transfer,Chicago
1398,2026-06-22,128,Keyboard,990,1,Cash,San Francisco
1399,2024-04-02,131,Keyboard,526,4,Credit Card,San Francisco
1400,2026-05-11,130,Phone,1104,1,Bank Transfer,Los Angeles
1401,2025-07-21,127,Tablet,120,3,PayPal,Chicago
1402,2024-02-29,123,Headphones,506,3,Cash,New York
1403,2025-10-11,129,Monitor,718,1,PayPal,Los Angeles
1404,2024-02-08,127,Tablet,1114,1,PayPal,Los Angeles
1405,2025-06-23,128,Headphones,435,4,Credit Card,New York
1406,2024-02-18,129,Headphones,1938,4,Bank Transfer,Los Angeles
1407,2025-02-23,125,Laptop,1240,1,Credit Card,Chicago
1408,2025-09-28,132,Monitor,1247,1,Credit Card,San Francisco
1409,2024-01-13,125,Laptop,498,1,Credit Card,Chicago
1410,2026-09-18,127,Phone,892,1,PayPal,New York
1411,2024-02-05,128,Laptop,1927,2,Credit Card,New York
1412,2024-04-10,131,Mouse,814,1,Credit Card,Los Angeles
1413,2026-03-04,127,Laptop,150,4,Bank Transfer,Chicago
1414,2024-03-26,123,Mouse,1906,3,Bank Transfer,Chicago
1415,2025-05-30,126,Tablet,423,2,Credit Card,New York
1416,2024-08-10,127,Keyboard,888,1,Bank Transfer,Chicago
1417,2024-12-03,132,Charger,240,3,Bank Transfer,New York
1418,2026-08-17,132,Charger,569,2,Credit Card,Chicago
1419,2024-06-14,127,Headphones,886,3,PayPal,Chicago
1420,2025-01-17,129,Charger,1925,1,Credit Card,Chicago
1421,2026-05-05,126,Mouse,1457,1,Bank Transfer,New York
1422,2026-06-13,123,Monitor,1063,4,PayPal,Los Angeles
1423,2025-01-10,127,Laptop,1107,1,Cash,Chicago
1424,2025-04-15,129,Mouse,472,1,PayPal,New York
1425,2026-02-28,132,Monitor,1687,2,Bank Transfer,New York
1426,2025-10-03,132,Keyboard,593,4,PayPal,Chicago
1427,2024-01-31,128,Charger,1662,2,Credit Card,Chicago
1428,2025-01-09,127,Keyboard,1792,3,Cash,Los Angeles
1429,2024-01-11,126,Charger,850,1,Cash,New York
1430,2026-09-14,124,Laptop,1279,3,Cash,New York
1431,2024-10-28,126,Phone,390,2,Bank Transfer,San Francisco
1432,2024-04-05,132,Laptop,1771,1,Bank Transfer,New York
1433,2024-07-08,132,Tablet,1267,1,Cash,Los Angeles
1434,2025-03-28,125,Mouse,205,2,PayPal,San Francisco
1435,2024-07-10,132,Headphones,1543,2,Cash,San Francisco
1436,2025-04-30,123,Phone,769,2,PayPal,San Francisco
1437,2024-09-22,130,Laptop,1781,2,PayPal,Chicago
1438,2025-02-27,127,Monitor,101,2,Bank Transfer,Chicago
1439,2024-05-07,126,Phone,688,1,PayPal,New York
1440,2024-08-25,130,Mouse,743,2,Cash,San Francisco
1441,2026-07-08,129,Charger,189,1,Bank Transfer,Los Angeles
1442,2024-12-20,124,Phone,1468,1,Credit Card,Chicago
1443,2026-07-28,123,Charger,449,2,Credit Card,Los Angeles
1444,2024-04-21,126,Mouse,1582,2,Bank Transfer,Los Angeles
1445,2026-04-07,130,Laptop,1386,4,Cash,Chicago
1446,2025-03-21,124,Mouse,1474,1,Credit Card,Chicago
1447,2024-12-08,125,Phone,1231,2,Credit Card,Chicago
1448,2024-05-24,123,Monitor,1709,2,PayPal,Chicago
1449,2024-03-05,123,Keyboard,1162,2,PayPal,San Francisco
1450,2024-09-03,125,Phone,1008,4,Cash,San Francisco
1451,2026-01-04,127,Mouse,258,4,Bank Transfer,San Francisco
1452,2026-09-17,125,Keyboard,1706,3,Cash,San Francisco
1453,2025-05-04,123,Mouse,1058,1,Bank Transfer,New York
1454,2026-04-04,123,Monitor,411,3,Credit Card,San Francisco
1455,2025-03-14,130,Mouse,1364,2,PayPal,Chicago
1456,2024-04-15,132,Laptop,544,4,Cash,Los Angeles
1457,2024-06-29,124,Headphones,397,4,Cash,San Francisco
1458,2024-07-02,125,Charger,1051,3,Bank Transfer,New York
1459,2024-08-13,124,Charger,135,4,Bank Transfer,Chicago
1460,2026-02-15,125,Phone,1207,2,Cash,Los Angeles
1461,2026-02-28,129,Headphones,1575,4,Bank Transfer,Los Angeles
1462,2026-06-27,123,Mouse,1898,3,Cash,San Francisco
1463,2024-03-29,132,Monitor,1945,2,Cash,Los Angeles
1464,2025-11-18,130,Phone,1508,3,Cash,San Francisco
1465,2025-06-13,132,Mouse,1295,4,Credit Card,San Francisco
1466,2025-01-05,132,Keyboard,1499,3,Bank Transfer,Chicago
1467,2026-08-29,132,Tablet,1808,3,PayPal,Chicago
1468,2026-07-24,124,Mouse,1485,1,PayPal,New York
1469,2026-07-01,125,Headphones,658,4,Bank Transfer,Chicago
1470,2025-02-02,131,Phone,990,4,Cash,Chicago
1471,2024-04-15,129,Headphones,240,3,PayPal,San Francisco
1472,2024-09-27,126,Phone,986,1,PayPal,Chicago
1473,2026-09-01,132,Mouse,1241,4,Bank Transfer,San Francisco
1474,2026-04-10,127,Laptop,1400,2,PayPal,San Francisco
1475,2025-05-17,124,Keyboard,825,3,Cash,Chicago
1476,2025-11-09,130,Mouse,1343,4,Bank Transfer,New York
1477,2025-06-08,126,Charger,1149,2,Cash,New York
1478,2026-04-28,131,Headphones,620,4,PayPal,Los Angeles
1479,2024-02-01,127,Tablet,1906,2,PayPal,Los Angeles
1480,2025-01-27,131,Tablet,109,3,Cash,Chicago
1481,2024-02-09,126,Monitor,1083,4,Credit Card,New York
1482,2025-10-21,132,Phone,477,4,PayPal,San Francisco
1483,2024-08-05,127,Headphones,1756,1,Credit Card,Los Angeles
1484,2025-12-31,131,Monitor,1760,3,PayPal,San Francisco
1485,2026-09-07,130,Headphones,781,2,Credit Card,Los Angeles
1486,2024-03-22,125,Charger,683,4,Credit Card,Chicago
1487,2026-04-24,123,Phone,251,4,Credit Card,New York
1488,2025-12-20,125,Mouse,819,2,Cash,Los Angeles
1489,2024-07-19,126,Mouse,1172,3,Credit Card,New York
1490,2025-03-22,124,Tablet,1277,1,Credit Card,San Francisco
1491,2026-04-23,123,Mouse,958,1,Credit Card,Chicago
1492,2025-03-03,129,Mouse,1416,4,PayPal,New York
1493,2024-02-07,130,Charger,1703,2,Credit Card,Chicago
1494,2024-07-29,129,Laptop,149,4,PayPal,New York
1495,2025-03-19,127,Tablet,763,2,Credit Card,San Francisco
1496,2024-11-22,123,Monitor,630,1,Credit Card,San Francisco
1497,2026-01-30,129,Keyboard,1735,3,Cash,Chicago
1498,2024-08-14,129,Laptop,1183,2,PayPal,San Francisco
1499,2024-02-17,131,Monitor,1290,1,Credit Card,Los Angeles
1500,2024-01-18,125,Phone,1325,4,PayPal,New York
1501,2026-06-30,131,Laptop,956,2,PayPal,San Francisco
1502,2025-03-14,123,Charger,245,3,Bank Transfer,Los Angeles
1503,2026-03-17,123,Monitor,1014,4,Cash,Chicago
1504,2025-12-08,126,Phone,1799,4,Cash,Los Angeles
1505,2024-07-05,131,Tablet,1092,1,Cash,Chicago
1506,2024-12-10,128,Keyboard,1562,2,Bank Transfer,Chicago
1507,2024-08-11,125,Phone,341,4,Bank Transfer,New York
1508,2026-04-09,123,Mouse,680,3,Cash,New York
1509,2025-05-02,126,Headphones,786,2,Bank Transfer,Los Angeles
1510,2026-06-27,131,Phone,1684,3,Bank Transfer,New York
1511,2026-05-26,125,Phone,582,4,Bank Transfer,New York
1512,2026-04-28,131,Keyboard,1231,3,Cash,New York
1513,2024-08-16,129,Headphones,1349,1,Cash,Los Angeles
1514,2025-01-24,126,Mouse,772,3,Cash,San Francisco
1515,2026-09-05,125,Monitor,730,2,Bank Transfer,New York
1516,2025-08-11,132,Monitor,760,3,Cash,New York
1517,2024-07-06,127,Phone,761,3,Bank Transfer,Los Angeles
1518,2026-05-07,127,Charger,1555,1,Credit Card,San Francisco
1519,2024-09-26,125,Charger,904,3,Bank Transfer,New York
1520,2025-08-29,131,Headphones,1778,3,PayPal,Chicago
1521,2024-11-05,126,Headphones,518,4,Cash,Los Angeles
1522,2024-05-11,127,Mouse,1087,4,Cash,New York
1523,2025-07-04,126,Keyboard,1578,2,PayPal,New York
1524,2024-03-12,127,Tablet,1283,4,Bank Transfer,Chicago
1525,2026-03-03,129,Monitor,1646,4,Credit Card,Chicago
1526,2026-04-24,131,Keyboard,749,4,PayPal,Los Angeles
1527,2025-11-02,129,Laptop,1068,4,PayPal,Los Angeles
1528,2024-07-05,127,Monitor,689,1,Bank Transfer,Chicago
1529,2025-04-30,132,Keyboard,1200,4,Cash,Los Angeles
1530,2024-07-09,132,Monitor,608,1,Bank Transfer,Chicago
1531,2025-02-25,129,Tablet,540,1,PayPal,New York
1532,2024-04-29,132,Laptop,1377,4,PayPal,Chicago
1533,2024-08-07,127,Charger,1020,3,Cash,Chicago
1534,2024-02-22,125,Charger,869,1,Cash,San Francisco
1535,2026-01-03,129,Tablet,1443,3,Cash,Chicago
1536,2025-03-26,124,Mouse,1926,3,Bank Transfer,Chicago
1537,2025-02-15,131,Laptop,362,4,Cash,San Francisco
1538,2025-10-04,132,Phone,1720,2,PayPal,Los Angeles
1539,2024-08-24,132,Keyboard,1781,4,PayPal,San Francisco
1540,2026-01-27,123,Laptop,1958,2,Credit Card,New York
1541,2026-01-07,128,Mouse,1677,2,Bank Transfer,San Francisco
1542,2025-12-20,129,Mouse,1497,4,Credit Card,New York
1543,2025-02-09,130,Tablet,736,4,PayPal,Los Angeles
1544,2025-08-30,132,Monitor,1290,2,Credit Card,San Francisco
1545,2025-02-25,131,Laptop,1876,4,PayPal,San Francisco
1546,2025-12-12,124,Keyboard,558,2,Credit Card,Los Angeles
1547,2024-09-03,132,Laptop,1098,3,Cash,New York
1548,2024-03-12,124,Headphones,1403,4,Credit Card,San Francisco
1549,2026-04-09,127,Monitor,799,3,Cash,New York
1550,2024-07-03,127,Keyboard,401,1,Cash,San Francisco
1551,2024-01-06,128,Charger,1654,3,Bank Transfer,Chicago
1552,2024-07-24,125,Keyboard,1703,3,Cash,San Francisco
1553,2025-06-27,130,Phone,1341,2,Cash,Los Angeles
1554,2025-09-02,123,Tablet,1225,3,Credit Card,Los Angeles
1555,2026-06-24,128,Phone,653,4,PayPal,New York
1556,2025-01-21,126,Keyboard,387,2,Bank Transfer,San Francisco
1557,2026-02-06,123,Monitor,1290,1,Cash,New York
1558,2025-11-29,129,Laptop,720,4,Bank Transfer,New York
1559,2024-03-16,131,Charger,1105,1,Credit Card,Chicago
1560,2024-06-25,126,Laptop,135,3,Cash,Chicago
1561,2026-04-06,126,Monitor,843,4,Credit Card,Los Angeles
1562,2026-03-09,128,Keyboard,1864,4,Bank Transfer,New York
1563,2024-12-14,125,Mouse,452,1,Credit Card,Los Angeles
1564,2024-09-11,128,Laptop,1799,4,Bank Transfer,San Francisco
1565,2026-04-16,129,Mouse,172,4,Credit Card,New York
1566,2025-12-02,132,Laptop,747,4,Bank Transfer,New York
1567,2024-11-03,132,Laptop,1476,3,PayPal,San Francisco
1568,2024-12-10,125,Charger,1193,1,Credit Card,San Francisco
1569,2024-05-06,129,Tablet,524,4,Credit Card,Los Angeles
1570,2026-07-25,125,Tablet,1098,2,PayPal,Los Angeles
1571,2024-10-13,124,Headphones,807,2,PayPal,San Francisco
1572,2026-02-04,132,Phone,1904,2,Credit Card,Los Angeles
1573,2025-12-25,126,Monitor,660,2,PayPal,San Francisco
1574,2026-01-31,130,Monitor,927,3,Cash,New York
1575,2025-08-18,131,Monitor,1765,4,Bank Transfer,New York
1576,2025-05-01,129,Headphones,1055,1,Bank Transfer,Chicago
1577,2025-01-17,123,Tablet,616,4,Bank Transfer,New York
1578,2025-02-09,125,Keyboard,527,3,Cash,San Francisco
1579,2025-01-22,131,Mouse,1662,2,PayPal,Los Angeles
1580,2025-06-08,123,Charger,259,3,PayPal,Chicago
1581,2025-07-10,131,Mouse,248,4,Credit Card,Los Angeles
1582,2025-09-30,130,Keyboard,875,1,PayPal,San Francisco
1583,2026-07-26,123,Charger,1353,3,Credit Card,New York
1584,2025-09-17,128,Headphones,1835,1,Cash,Chicago
1585,2026-08-02,127,Keyboard,1685,3,Bank Transfer,San Francisco
1586,2024-10-02,128,Monitor,166,1,Bank Transfer,Chicago
1587,2025-05-14,132,Phone,1113,1,Bank Transfer,Chicago
1588,2025-12-17,127,Laptop,1935,2,PayPal,New York
1589,2024-12-02,128,Mouse,480,1,Credit Card,San Francisco
1590,2026-08-07,127,Tablet,157,2,Credit Card,Los Angeles
1591,2026-07-20,127,Tablet,1382,4,Cash,Chicago
1592,2025-04-25,126,Headphones,441,4,PayPal,Chicago
1593,2026-06-15,125,Charger,1961,2,Cash,Los Angeles
1594,2026-06-29,125,Tablet,1253,2,Credit Card,San Francisco
1595,2026-08-30,126,Monitor,826,3,Credit Card,Chicago
1596,2024-09-29,131,Mouse,1295,3,Bank Transfer,Chicago
1597,2026-07-08,124,Keyboard,869,3,PayPal,Chicago
1598,2024-02-27,131,Monitor,713,4,Credit Card,San Francisco
1599,2024-11-23,123,Headphones,1332,3,Bank Transfer,San Francisco
1600,2025-12-31,123,Monitor,1926,1,PayPal,Los Angeles
1601,2024-04-18,127,Keyboard,453,1,Cash,San Francisco
1602,2024-10-05,128,Phone,1594,3,PayPal,San Francisco
1603,2025-11-16,128,Headphones,1921,1,PayPal,New York
1604,2024-11-23,125,Phone,215,4,Credit Card,Los Angeles
1605,2026-02-14,129,Laptop,1387,1,Credit Card,Chicago
1606,2024-11-10,131,Phone,761,4,PayPal,San Francisco
1607,2025-04-18,132,Laptop,1935,2,Credit Card,Chicago
1608,2024-04-20,130,Laptop,1565,2,Credit Card,Chicago
1609,2025-11-29,128,Phone,1671,2,Credit Card,New York
1610,2026-02-19,130,Headphones,552,2,Bank Transfer,San Francisco
1611,2026-07-23,127,Charger,1968,1,Bank Transfer,Los Angeles
1612,2024-08-16,130,Keyboard,1600,3,PayPal,San Francisco
1613,2025-05-11,132,Monitor,386,1,Credit Card,Chicago
1614,2024-06-04,126,Monitor,1426,4,Bank Transfer,Los Angeles
1615,2025-04-17,132,Keyboard,1116,1,PayPal,San Francisco
1616,2025-12-01,130,Mouse,410,1,Credit Card,Chicago
1617,2024-09-28,132,Mouse,307,4,Cash,Chicago
1618,2026-06-05,124,Laptop,717,2,Credit Card,New York
1619,2024-01-02,127,Laptop,545,2,Credit Card,New York
1620,2026-01-27,131,Headphones,769,2,Bank Transfer,New York
1621,2025-12-22,126,Tablet,732,3,PayPal,Chicago
1622,2025-05-25,128,Phone,154,4,PayPal,San Francisco
1623,2026-07-01,123,Laptop,1011,4,Bank Transfer,New York
1624,2024-10-12,131,Monitor,1135,1,Credit Card,San Francisco
1625,2026-05-20,123,Headphones,756,3,Cash,New York
1626,2024-01-13,127,Phone,1523,2,Credit Card,Los Angeles
1627,2025-08-30,126,Headphones,1771,3,Credit Card,Los Angeles
1628,2025-05-12,125,Phone,1079,4,Cash,New York
1629,2026-01-02,128,Phone,614,4,Bank Transfer,Chicago
1630,2024-08-25,124,Keyboard,1779,1,PayPal,New York
1631,2024-04-03,125,Laptop,1665,1,Bank Transfer,New York
1632,2024-12-03,127,Charger,336,4,Bank Transfer,Chicago
1633,2026-02-19,131,Headphones,1402,2,Credit Card,Los Angeles
1634,2024-06-19,124,Charger,447,2,PayPal,San Francisco
1635,2026-09-07,132,Headphones,726,3,PayPal,New York
1636,2025-08-28,130,Keyboard,1227,4,Bank Transfer,Chicago
1637,2025-10-22,124,Monitor,729,4,Cash,New York
1638,2025-09-15,127,Charger,1640,2,Bank Transfer,Chicago
1639,2025-07-20,129,Monitor,1995,2,Cash,San Francisco
1640,2026-04-28,130,Mouse,1371,4,PayPal,San Francisco
1641,2026-07-24,123,Laptop,463,1,Bank Transfer,Los Angeles
1642,2025-04-11,128,Laptop,420,4,Credit Card,Chicago
1643,2025-09-19,123,Tablet,1756,4,Bank Transfer,Chicago
1644,2024-05-22,124,Keyboard,385,2,PayPal,Los Angeles
1645,2024-07-19,123,Monitor,248,2,Credit Card,Los Angeles
1646,2024-06-28,127,Phone,1207,1,Credit Card,Chicago
1647,2025-12-14,132,Headphones,505,1,Cash,Los Angeles
1648,2024-12-29,131,Laptop,1077,3,Credit Card,San Francisco
1649,2025-04-23,128,Charger,555,4,Credit Card,New York
1650,2025-07-18,123,Headphones,1866,2,Bank Transfer,San Francisco
1651,2025-04-15,123,Headphones,899,1,PayPal,Los Angeles
1652,2025-01-18,124,Tablet,1284,3,Cash,Chicago
1653,2025-11-22,131,Monitor,1112,3,Bank Transfer,Chicago
1654,2026-07-14,125,Laptop,883,2,Credit Card,San Francisco
1655,2025-02-20,123,Headphones,559,2,Credit Card,Chicago
1656,2026-04-04,127,Laptop,1673,3,Cash,Los Angeles
1657,2024-11-03,129,Phone,1623,1,PayPal,San Francisco
1658,2025-10-10,128,Tablet,837,3,Cash,Chicago
1659,2025-11-24,123,Phone,608,4,Bank Transfer,New York
1660,2025-01-01,127,Laptop,1777,4,Cash,New York
1661,2024-01-01,127,Mouse,1927,2,Credit Card,Los Angeles
1662,2024-02-13,128,Charger,580,1,Bank Transfer,Chicago
1663,2026-01-08,125,Laptop,1786,1,Credit Card,Los Angeles
1664,2026-04-22,127,Monitor,213,4,PayPal,San Francisco
1665,2024-04-07,129,Headphones,848,3,Credit Card,New York
1666,2025-12-20,127,Headphones,1701,2,Credit Card,San Francisco
1667,2024-09-21,127,Phone,460,3,Cash,Chicago
1668,2026-03-10,127,Charger,440,3,Credit Card,Los Angeles
1669,2026-02-21,132,Tablet,869,3,Bank Transfer,Los Angeles
1670,2024-05-19,132,Mouse,860,1,Bank Transfer,Los Angeles
1671,2025-04-25,125,Keyboard,1068,4,PayPal,San Francisco
1672,2024-08-24,123,Charger,548,1,Bank Transfer,New York
1673,2026-08-31,127,Headphones,1966,4,Cash,San Francisco
1674,2026-08-10,131,Monitor,934,2,PayPal,San Francisco
1675,2026-06-22,123,Charger,1303,2,Bank Transfer,Chicago
1676,2024-03-12,125,Phone,1825,3,Cash,Chicago
1677,2025-10-28,126,Phone,1530,4,Bank Transfer,Chicago
1678,2024-07-08,123,Keyboard,1789,4,Bank Transfer,New York
1679,2024-09-24,123,Monitor,1319,4,Credit Card,New York
1680,2024-11-16,130,Tablet,1589,3,Bank Transfer,Chicago
1681,2024-04-16,124,Charger,410,3,Bank Transfer,Chicago
1682,2024-08-19,130,Monitor,361,2,Cash,New York
1683,2024-02-11,129,Tablet,1542,1,Cash,Los Angeles
1684,2025-12-02,132,Monitor,505,4,Credit Card,New York
1685,2026-06-01,132,Monitor,242,4,Bank Transfer,New York
1686,2024-05-18,124,Laptop,441,1,Credit Card,New York
1687,2025-09-06,128,Phone,1439,4,Bank Transfer,Chicago
1688,2025-11-13,128,Charger,1224,3,PayPal,Los Angeles
1689,2026-05-12,125,Monitor,343,3,PayPal,New York
1690,2024-09-29,124,Charger,589,4,Credit Card,Chicago
1691,2025-04-25,123,Keyboard,111,3,Credit Card,San Francisco
1692,2025-02-19,128,Monitor,1362,3,Credit Card,San Francisco
1693,2025-05-20,127,Headphones,660,4,Cash,New York
1694,2026-01-02,131,Phone,141,2,Cash,San Francisco
1695,2025-12-25,123,Headphones,777,1,Cash,Los Angeles
1696,2026-05-02,129,Charger,693,3,Credit Card,San Francisco
1697,2025-02-27,127,Charger,1552,2,Bank Transfer,San Francisco
1698,2025-02-10,127,Phone,1926,3,PayPal,Los Angeles
1699,2025-07-21,124,Charger,1281,3,Credit Card,New York
1700,2025-01-24,125,Headphones,1339,1,Cash,New York
1701,2024-12-07,129,Monitor,1793,3,Cash,Los Angeles
1702,2026-08-03,128,Monitor,1585,1,Credit Card,Los Angeles
1703,2025-09-05,124,Laptop,233,1,Credit Card,Los Angeles
1704,2026-07-21,128,Keyboard,1190,1,Cash,San Francisco
1705,2025-05-07,124,Charger,1971,2,Bank Transfer,Los Angeles
1706,2024-07-10,124,Headphones,1130,4,Cash,Chicago
1707,2025-05-13,124,Charger,1047,2,Cash,San Francisco
1708,2026-04-01,125,Charger,1649,4,Credit Card,New York
1709,2025-12-12,124,Tablet,172,4,Bank Transfer,New York
1710,2024-08-20,126,Laptop,498,1,Cash,New York
1711,2026-08-02,131,Headphones,1528,3,Cash,San Francisco
1712,2024-08-14,128,Headphones,1798,1,PayPal,Chicago
1713,2025-01-05,123,Charger,677,3,Credit Card,Los Angeles
1714,2024-05-18,130,Laptop,958,4,PayPal,Los Angeles
1715,2026-05-05,129,Monitor,229,1,PayPal,New York
1716,2026-03-27,132,Headphones,1030,3,Cash,New York
1717,2024-05-28,125,Monitor,1589,2,Credit Card,San Francisco
1718,2024-04-24,123,Laptop,1329,3,Bank Transfer,Chicago
1719,2025-03-25,127,Monitor,1911,1,Cash,Los Angeles
1720,2024-03-03,126,Phone,1891,2,Bank Transfer,San Francisco
1721,2024-04-13,132,Tablet,365,3,Bank Transfer,Los Angeles
1722,2026-04-30,130,Mouse,1660,3,Credit Card,New York
1723,2026-05-20,123,Headphones,892,3,PayPal,Los Angeles
1724,2025-10-29,132,Keyboard,352,3,Credit Card,Chicago
1725,2024-09-29,123,Tablet,921,3,Bank Transfer,Chicago
1726,2024-01-06,126,Mouse,1412,2,Cash,New York
1727,2024-05-26,130,Monitor,263,4,Bank Transfer,Chicago
1728,2024-07-02,127,Headphones,194,2,Cash,Chicago
1729,2026-09-24,124,Monitor,1905,2,Cash,San Francisco
1730,2024-01-28,128,Phone,932,2,Credit Card,Los Angeles
1731,2026-08-19,127,Laptop,1233,4,Bank Transfer,New York
1732,2025-07-03,124,Headphones,435,1,PayPal,New York
1733,2024-04-28,125,Mouse,921,4,Bank Transfer,New York
1734,2024-10-19,131,Mouse,337,2,Bank Transfer,New York
1735,2025-01-05,129,Phone,480,3,PayPal,New York
1736,2024-08-31,129,Phone,1559,3,Credit Card,Chicago
1737,2025-08-02,128,Charger,998,2,Bank Transfer,San Francisco
1738,2025-12-26,130,Headphones,582,3,Bank Transfer,New York
1739,2024-08-05,126,Monitor,1001,2,Cash,San Francisco
1740,2024-06-25,130,Keyboard,1148,3,Bank Transfer,San Francisco
1741,2024-10-25,126,Mouse,1776,4,PayPal,Chicago
1742,2025-11-06,130,Mouse,1240,1,Cash,New York
1743,2024-02-27,131,Phone,581,1,Credit Card,Chicago
1744,2024-09-25,125,Tablet,1515,4,Cash,New York
1745,2024-11-03,125,Phone,1016,4,PayPal,Chicago
1746,2025-07-23,124,Keyboard,1093,2,PayPal,San Francisco
1747,2024-10-14,132,Monitor,1063,2,Cash,New York
1748,2026-09-03,125,Monitor,636,2,Credit Card,Los Angeles
1749,2024-04-14,125,Tablet,1202,3,Cash,San Francisco
1750,2024-08-15,127,Mouse,1703,2,Credit Card,Los Angeles
1751,2024-09-03,127,Phone,1296,4,Cash,San Francisco
1752,2025-11-30,124,Charger,1135,1,PayPal,Chicago
1753,2025-05-08,132,Monitor,1923,3,Bank Transfer,New York
1754,2024-03-23,128,Keyboard,227,2,Bank Transfer,San Francisco
1755,2024-07-04,127,Headphones,1731,3,Credit Card,Chicago
1756,2024-09-08,128,Laptop,191,3,Credit Card,New York
1757,2024-12-20,123,Laptop,1776,2,Credit Card,New York
1758,2026-01-19,127,Laptop,642,3,PayPal,San Francisco
1759,2026-05-21,131,Charger,945,1,Cash,New York
1760,2025-11-26,132,Mouse,1655,4,PayPal,San Francisco
1761,2026-03-06,124,Phone,1781,4,Bank Transfer,New York
1762,2026-06-15,123,Tablet,1088,1,Credit Card,Los Angeles
1763,2026-07-26,132,Charger,1951,3,Cash,Chicago
1764,2024-07-28,131,Charger,546,2,Bank Transfer,Los Angeles
1765,2026-03-26,132,Monitor,489,3,Bank Transfer,San Francisco
1766,2026-03-18,131,Headphones,771,1,Bank Transfer,Los Angeles
1767,2025-08-31,131,Charger,1984,3,PayPal,San Francisco
1768,2025-03-22,128,Keyboard,142,4,Credit Card,New York
1769,2025-04-04,130,Headphones,353,3,Bank Transfer,New York
1770,2026-08-25,123,Keyboard,1253,1,Credit Card,San Francisco
1771,2025-04-16,132,Mouse,1183,4,PayPal,Los Angeles
1772,2025-12-20,126,Phone,762,3,Bank Transfer,New York
1773,2025-01-04,123,Laptop,566,3,PayPal,Chicago
1774,2026-06-18,130,Charger,386,4,PayPal,New York
1775,2026-07-22,123,Phone,1110,2,Credit Card,Chicago
1776,2025-05-06,125,Mouse,1640,4,Bank Transfer,Los Angeles
1777,2026-07-11,126,Tablet,1590,2,PayPal,Chicago
1778,2024-05-16,130,Tablet,877,1,Bank Transfer,Chicago
1779,2025-01-01,128,Mouse,444,1,Credit Card,Chicago
1780,2026-06-30,132,Keyboard,741,4,PayPal,Chicago
1781,2024-07-02,129,Monitor,481,4,Credit Card,New York
1782,2025-08-10,130,Monitor,1902,1,Bank Transfer,Chicago
1783,2024-10-13,124,Keyboard,789,2,Bank Transfer,New York
1784,2025-04-16,132,Tablet,1376,1,Credit Card,Chicago
1785,2025-01-09,130,Tablet,1179,4,Cash,San Francisco
1786,2025-10-15,125,Charger,1586,1,PayPal,Los Angeles
1787,2026-01-18,129,Tablet,556,4,Bank Transfer,Chicago
1788,2025-06-20,125,Phone,1082,4,Bank Transfer,San Francisco
1789,2025-05-25,129,Tablet,182,1,PayPal,Chicago
1790,2026-03-12,124,Headphones,1222,2,Credit Card,Chicago
1791,2025-08-01,132,Charger,248,3,Credit Card,Chicago
1792,2024-09-06,128,Laptop,1452,1,Credit Card,San Francisco
1793,2026-07-08,125,Tablet,1279,3,Cash,Los Angeles
1794,2025-05-24,125,Keyboard,289,1,Cash,San Francisco
1795,2025-09-21,131,Laptop,1617,3,Bank Transfer,Los Angeles
1796,2024-03-13,129,Phone,982,2,Credit Card,Chicago
1797,2024-10-08,127,Keyboard,362,2,PayPal,New York
1798,2026-07-04,132,Laptop,1203,1,Bank Transfer,Chicago
1799,2026-08-17,129,Keyboard,499,4,PayPal,Los Angeles
1800,2024-12-25,131,Phone,863,3,Bank Transfer,San Francisco
1801,2024-01-10,123,Charger,708,4,Cash,Chicago
1802,2024-07-29,129,Headphones,1383,4,Bank Transfer,San Francisco
1803,2026-04-14,128,Phone,1895,4,Cash,San Francisco
1804,2024-05-31,132,Phone,1738,2,Bank Transfer,San Francisco
1805,2024-01-05,131,Keyboard,1675,1,Credit Card,Chicago
1806,2024-07-13,123,Charger,884,1,PayPal,San Francisco
1807,2026-08-11,126,Mouse,200,2,Credit Card,San Francisco
1808,2024-10-09,131,Monitor,1482,2,Bank Transfer,Chicago
1809,2025-04-08,126,Tablet,1503,1,Bank Transfer,San Francisco
1810,2024-04-22,132,Tablet,919,4,Bank Transfer,Chicago
1811,2024-09-27,125,Headphones,1344,3,Cash,Los Angeles
1812,2024-06-11,131,Headphones,919,3,PayPal,Los Angeles
1813,2025-04-04,124,Tablet,519,3,PayPal,Los Angeles
1814,2024-04-14,126,Monitor,223,4,Bank Transfer,San Francisco
1815,2025-11-23,128,Tablet,521,1,Bank Transfer,New York
1816,2025-07-09,124,Mouse,1354,2,Cash,New York
1817,2024-10-08,130,Monitor,1813,1,Credit Card,San Francisco
1818,2025-11-17,130,Headphones,1186,4,Credit Card,New York
1819,2024-06-10,123,Laptop,1608,2,PayPal,Chicago
1820,2026-09-09,125,Keyboard,1751,4,Cash,New York
1821,2024-12-16,132,Mouse,1826,3,Bank Transfer,San Francisco
1822,2025-03-09,131,Mouse,1697,3,PayPal,San Francisco
1823,2026-05-01,127,Charger,867,4,Cash,Chicago
1824,2024-05-19,128,Headphones,582,2,Credit Card,Los Angeles
1825,2025-04-15,126,Headphones,618,2,Cash,San Francisco
1826,2024-05-11,132,Phone,254,1,Credit Card,Chicago
1827,2024-03-27,124,Mouse,191,3,Cash,New York
1828,2025-11-18,130,Phone,1081,1,PayPal,New York
1829,2024-07-01,128,Phone,1649,1,Credit Card,Chicago
1830,2025-01-02,127,Keyboard,554,4,PayPal,Chicago
1831,2024-05-08,131,Phone,1864,4,PayPal,San Francisco
1832,2024-09-02,123,Monitor,697,1,Credit Card,New York
1833,2025-08-23,127,Tablet,1768,3,Credit Card,Chicago
1834,2025-07-31,128,Laptop,609,4,Bank Transfer,New York
1835,2025-10-31,127,Headphones,1306,1,Bank Transfer,Chicago
1836,2026-06-17,128,Monitor,485,1,Bank Transfer,New York
1837,2025-01-12,128,Laptop,1697,1,PayPal,Los Angeles
1838,2024-05-28,129,Mouse,1854,1,PayPal,San Francisco
1839,2026-09-11,126,Mouse,504,1,Bank Transfer,New York
1840,2026-05-01,130,Mouse,345,1,PayPal,Los Angeles
1841,2025-03-08,129,Monitor,841,4,PayPal,New York
1842,2025-09-19,131,Monitor,1714,3,Credit Card,New York
1843,2025-12-26,129,Headphones,760,1,Credit Card,Los Angeles
1844,2025-04-13,125,Tablet,749,2,PayPal,New York
1845,2025-03-21,125,Charger,1594,4,Bank Transfer,New York
1846,2025-04-25,130,Phone,1949,4,Cash,San Francisco
1847,2026-06-02,127,Mouse,1546,1,Bank Transfer,Los Angeles
1848,2024-10-20,126,Keyboard,1000,4,Cash,Los Angeles
1849,2026-02-03,130,Tablet,164,1,Bank Transfer,Chicago
1850,2024-05-22,128,Keyboard,1136,3,Credit Card,New York
1851,2024-09-06,124,Headphones,312,3,PayPal,San Francisco
1852,2026-05-27,126,Headphones,341,4,PayPal,New York
1853,2026-08-05,126,Headphones,592,4,Credit Card,New York
1854,2026-09-01,128,Laptop,1336,2,Cash,Chicago
1855,2024-10-28,128,Keyboard,1816,4,Cash,New York
1856,2024-01-25,123,Tablet,437,2,Cash,San Francisco
1857,2026-02-27,130,Charger,272,3,Credit Card,San Francisco
1858,2026-09-10,128,Tablet,771,3,Cash,Chicago
1859,2026-06-07,125,Monitor,263,1,Credit Card,New York
1860,2026-06-08,131,Monitor,564,3,Bank Transfer,San Francisco
1861,2026-06-19,124,Mouse,1094,2,Bank Transfer,New York
1862,2024-03-10,130,Charger,596,4,Credit Card,New York
1863,2025-09-16,132,Monitor,799,1,PayPal,New York
1864,2026-05-24,125,Headphones,494,2,Bank Transfer,Chicago
1865,2024-04-21,127,Tablet,802,4,Cash,New York
1866,2024-12-29,128,Keyboard,407,1,Credit Card,San Francisco
1867,2024-10-29,132,Headphones,1891,3,Cash,New York
1868,2025-04-15,128,Laptop,282,2,Cash,San Francisco
1869,2026-08-21,126,Monitor,728,4,PayPal,New York
1870,2024-03-31,125,Headphones,1917,1,Cash,San Francisco
1871,2025-06-13,126,Headphones,609,1,PayPal,San Francisco
1872,2025-10-22,123,Laptop,1831,3,Bank Transfer,New York
1873,2026-09-14,126,Phone,645,4,Credit Card,New York
1874,2026-01-08,123,Tablet,1687,3,Cash,San Francisco
1875,2025-12-26,123,Keyboard,723,3,Credit Card,Los Angeles
1876,2026-05-21,132,Mouse,1887,4,Cash,Chicago
1877,2025-10-24,128,Phone,693,4,Credit Card,Los Angeles
1878,2024-07-10,127,Monitor,843,4,Cash,Los Angeles
1879,2026-08-20,126,Headphones,1350,2,Cash,New York
1880,2025-07-05,125,Charger,1868,4,Cash,Chicago
1881,2024-08-29,123,Laptop,1856,1,Cash,Los Angeles
1882,2024-05-17,128,Laptop,1559,3,Cash,New York
1883,2024-12-10,124,Charger,1545,2,Cash,Los Angeles
1884,2024-06-28,130,Tablet,653,4,Cash,Los Angeles
1885,2025-12-12,132,Phone,120,2,Cash,New York
1886,2025-05-17,127,Mouse,653,4,Cash,New York
1887,2024-07-21,129,Tablet,496,2,Credit Card,New York
1888,2025-07-26,132,Charger,724,3,PayPal,Chicago
1889,2024-07-10,124,Headphones,204,3,Cash,Los Angeles
1890,2024-01-05,130,Charger,291,1,PayPal,New York
1891,2026-06-08,124,Tablet,116,1,Cash,San Francisco
1892,2024-08-24,126,Keyboard,1243,4,Cash,Los Angeles
1893,2025-11-23,123,Laptop,492,3,Credit Card,San Francisco
1894,2024-11-06,127,Laptop,524,2,Bank Transfer,Chicago
1895,2025-07-02,131,Monitor,228,2,Bank Transfer,New York
1896,2024-02-25,123,Monitor,1253,2,Credit Card,San Francisco
1897,2025-03-18,131,Charger,671,1,PayPal,Chicago
1898,2024-08-24,130,Mouse,1683,2,Bank Transfer,New York
1899,2026-05-19,128,Headphones,128,1,Credit Card,San Francisco
1900,2026-05-10,129,Keyboard,1220,1,Credit Card,San Francisco
1901,2024-07-15,125,Phone,1133,4,Bank Transfer,Chicago
1902,2025-08-07,123,Tablet,341,2,PayPal,New York
1903,2025-07-24,127,Mouse,1949,2,Credit Card,New York
1904,2026-01-21,124,Headphones,331,3,Cash,San Francisco
1905,2025-05-28,127,Monitor,888,4,PayPal,San Francisco
1906,2025-03-24,130,Charger,1407,3,PayPal,San Francisco
1907,2024-12-25,131,Tablet,814,4,Bank Transfer,New York
1908,2025-11-30,124,Monitor,858,2,Bank Transfer,Chicago
1909,2026-03-29,125,Charger,901,1,Cash,Chicago
1910,2024-01-30,125,Tablet,875,1,Credit Card,New York
1911,2026-02-17,123,Phone,825,1,Bank Transfer,Los Angeles
1912,2026-09-14,130,Headphones,299,1,Bank Transfer,Chicago
1913,2024-04-17,128,Tablet,1044,1,PayPal,San Francisco
1914,2026-04-23,130,Keyboard,178,3,Bank Transfer,Los Angeles
1915,2026-07-23,131,Mouse,1055,4,Bank Transfer,Los Angeles
1916,2025-08-24,127,Laptop,1978,2,Bank Transfer,Chicago
1917,2025-12-17,125,Keyboard,955,3,Bank Transfer,Los Angeles
1918,2026-06-09,127,Keyboard,1296,4,PayPal,Los Angeles
1919,2026-08-25,127,Mouse,566,1,Cash,Chicago
1920,2026-08-16,127,Laptop,680,4,Cash,Chicago
1921,2026-08-17,125,Keyboard,1539,4,Credit Card,Los Angeles
1922,2025-03-20,132,Tablet,1039,1,Bank Transfer,San Francisco
1923,2026-06-11,126,Tablet,548,1,PayPal,New York
1924,2025-03-13,131,Tablet,186,1,Credit Card,Los Angeles
1925,2026-01-01,132,Laptop,200,2,Credit Card,Los Angeles
1926,2026-06-08,131,Keyboard,1131,1,Cash,San Francisco
1927,2025-08-28,124,Charger,944,2,PayPal,Los Angeles
1928,2025-04-01,130,Laptop,1323,1,PayPal,Los Angeles
1929,2025-09-06,130,Tablet,1628,2,PayPal,New York
1930,2026-01-04,129,Mouse,186,4,Cash,New York
1931,2025-11-28,130,Keyboard,142,3,Cash,New York
1932,2026-09-07,125,Keyboard,1508,4,Cash,Chicago
1933,2025-11-26,128,Monitor,1744,4,Cash,Chicago
1934,2025-05-09,123,Monitor,1558,1,Cash,New York
1935,2025-11-04,129,Phone,507,2,Bank Transfer,New York
1936,2024-09-03,123,Charger,1606,3,Bank Transfer,Chicago
1937,2025-06-26,131,Charger,763,1,PayPal,San Francisco
1938,2025-07-17,123,Headphones,1140,1,Credit Card,Los Angeles
1939,2026-05-06,123,Charger,1768,1,PayPal,Los Angeles
1940,2025-08-10,129,Monitor,247,4,Credit Card,New York
1941,2026-06-15,124,Laptop,376,2,Cash,San Francisco
1942,2025-03-14,127,Charger,331,2,Credit Card,Chicago
1943,2024-10-04,130,Monitor,1949,3,PayPal,New York
1944,2025-07-05,130,Phone,465,2,PayPal,San Francisco
1945,2025-09-04,125,Keyboard,1351,2,Credit Card,San Francisco
1946,2024-04-20,129,Charger,1774,1,Bank Transfer,San Francisco
1947,2025-01-19,125,Phone,535,1,Cash,Chicago
1948,2026-04-12,128,Keyboard,498,4,Cash,Chicago
1949,2026-01-30,128,Mouse,1334,1,PayPal,Los Angeles
1950,2024-07-09,125,Mouse,1514,1,Bank Transfer,Los Angeles
1951,2025-05-04,129,Keyboard,598,1,Credit Card,San Francisco
1952,2025-11-24,125,Charger,639,1,Cash,San Francisco
1953,2025-03-01,130,Headphones,662,4,Bank Transfer,Chicago
1954,2025-02-08,132,Monitor,1614,1,Cash,Los Angeles
1955,2024-11-30,126,Laptop,541,3,Bank Transfer,San Francisco
1956,2024-07-27,123,Laptop,1384,3,Bank Transfer,Los Angeles
1957,2024-01-22,126,Tablet,872,3,PayPal,Los Angeles
1958,2025-11-08,129,Keyboard,449,3,Cash,San Francisco
1959,2025-09-02,126,Laptop,1475,1,Credit Card,Chicago
1960,2024-07-26,128,Charger,619,3,PayPal,San Francisco
1961,2024-01-08,131,Headphones,1443,1,PayPal,San Francisco
1962,2025-12-02,123,Keyboard,237,4,Credit Card,Los Angeles
1963,2025-11-17,127,Headphones,1673,3,PayPal,San Francisco
1964,2026-02-23,129,Charger,1746,2,Bank Transfer,Chicago
1965,2025-06-12,123,Laptop,1091,3,Bank Transfer,San Francisco
1966,2025-08-24,126,Laptop,467,3,Cash,Chicago
1967,2025-10-14,128,Tablet,1343,1,Cash,Chicago
1968,2025-10-18,124,Laptop,1460,3,Credit Card,Los Angeles
1969,2024-06-14,132,Keyboard,1346,2,Cash,New York
1970,2026-04-28,127,Charger,1771,1,Bank Transfer,New York
1971,2025-05-10,132,Mouse,1891,1,Credit Card,Los Angeles
1972,2025-08-12,123,Charger,459,4,Credit Card,San Francisco
1973,2025-03-04,128,Keyboard,1020,4,Cash,Los Angeles
1974,2026-02-12,128,Keyboard,428,3,Bank Transfer,Chicago
1975,2024-06-11,126,Tablet,1061,4,Credit Card,New York
1976,2024-12-31,130,Tablet,562,4,Bank Transfer,Los Angeles
1977,2025-06-09,126,Laptop,1045,4,Bank Transfer,San Francisco
1978,2024-08-26,130,Phone,1062,1,Bank Transfer,Los Angeles
1979,2024-03-12,130,Charger,1684,1,Cash,New York
1980,2025-03-20,127,Charger,1927,1,PayPal,Los Angeles
1981,2025-10-16,126,Phone,1505,4,PayPal,Los Angeles
1982,2026-04-01,124,Tablet,935,1,Credit Card,New York
1983,2025-05-23,125,Laptop,1713,4,Bank Transfer,Chicago
1984,2026-03-05,125,Phone,1740,1,Cash,Chicago
1985,2024-09-25,126,Laptop,268,1,Bank Transfer,New York
1986,2026-01-22,126,Laptop,316,2,Bank Transfer,Los Angeles
1987,2025-02-18,132,Laptop,477,3,Cash,New York
1988,2024-09-01,127,Monitor,218,4,PayPal,Chicago
1989,2025-11-05,126,Keyboard,289,2,Bank Transfer,San Francisco
1990,2024-02-29,132,Laptop,866,1,Bank Transfer,Los Angeles
1991,2024-01-06,130,Monitor,469,4,PayPal,Chicago
1992,2025-12-09,128,Tablet,1901,1,Cash,Los Angeles
1993,2026-09-08,128,Phone,248,3,Credit Card,New York
1994,2025-07-23,130,Keyboard,1799,2,PayPal,San Francisco
1995,2026-03-27,129,Mouse,751,3,Credit Card,New York
1996,2025-02-10,132,Phone,1982,2,Credit Card,San Francisco
1997,2024-08-04,132,Keyboard,1611,1,PayPal,Los Angeles
1998,2026-07-18,130,Mouse,869,3,Bank Transfer,Los Angeles
1999,2024-01-26,124,Phone,473,3,Credit Card,New York
2000,2026-03-25,131,Keyboard,880,1,Credit Card,San Francisco
